<?xml version="1.0"?>
<AVATAR>
<CENTER_SHOULDER_X>-1.1649844644523455E-8</CENTER_SHOULDER_X>
<CENTER_SHOULDER_Y>0.17038945853710175</CENTER_SHOULDER_Y>
<CENTER_SHOULDER_Z>-1.4050725383185636E-7</CENTER_SHOULDER_Z>
<LEFT_SHOULDER_X>0.17150671780109406</LEFT_SHOULDER_X>
<LEFT_SHOULDER_Y>0.1695677638053894</LEFT_SHOULDER_Y>
<LEFT_SHOULDER_Z>5.059100089965796E-7</LEFT_SHOULDER_Z>
<RIGHT_SHOULDER_X>-0.17150674760341644</RIGHT_SHOULDER_X>
<RIGHT_SHOULDER_Y>0.1712111532688141</RIGHT_SHOULDER_Y>
<RIGHT_SHOULDER_Z>-7.869245450820017E-7</RIGHT_SHOULDER_Z>
<CENTER_HIP_X>1.1649844644523455E-8</CENTER_HIP_X>
<CENTER_HIP_Y>-0.17038945853710175</CENTER_HIP_Y>
<CENTER_HIP_Z>1.4050725383185636E-7</CENTER_HIP_Z>
<LEFT_HIP_X>0.07375872880220413</LEFT_HIP_X>
<LEFT_HIP_Y>-0.2504594624042511</LEFT_HIP_Y>
<LEFT_HIP_Z>-0.0010226547019556165</LEFT_HIP_Z>
<RIGHT_HIP_X>-0.0792931541800499</RIGHT_HIP_X>
<RIGHT_HIP_Y>-0.24472740292549133</RIGHT_HIP_Y>
<RIGHT_HIP_Z>-0.012209468521177769</RIGHT_HIP_Z>
<TORSO_LENGTH>0.6709562</TORSO_LENGTH>
<LEFT_ARM_LENGTH>0.29762086</LEFT_ARM_LENGTH>
<LEFT_FOREARM_LENGTH>0.26884565</LEFT_FOREARM_LENGTH>
<RIGHT_ARM_LENGTH>0.28274325</RIGHT_ARM_LENGTH>
<RIGHT_FOREARM_LENGTH>0.26318</RIGHT_FOREARM_LENGTH>
<LEFT_THIGH_LENGTH>0.50691843</LEFT_THIGH_LENGTH>
<LEFT_LEG_LENGTH>0.37688586</LEFT_LEG_LENGTH>
<RIGHT_THIGH_LENGTH>0.50082505</RIGHT_THIGH_LENGTH>
<RIGHT_LEG_LENGTH>0.38099045</RIGHT_LEG_LENGTH>
<TORSO_TEXTURE>torso.png</TORSO_TEXTURE>
<TORSO_TEXTURE_ASPECT_RATIO>0.8</TORSO_TEXTURE_ASPECT_RATIO>
<LEFT_ARM_TEXTURE>left_arm.png</LEFT_ARM_TEXTURE>
<LEFT_ARM_TEXTURE_ASPECT_RATIO>0.5</LEFT_ARM_TEXTURE_ASPECT_RATIO>
<LEFT_FOREARM_TEXTURE>left_forearm.png</LEFT_FOREARM_TEXTURE>
<LEFT_FOREARM_TEXTURE_ASPECT_RATIO>0.6</LEFT_FOREARM_TEXTURE_ASPECT_RATIO>
<RIGHT_ARM_TEXTURE>right_arm.png</RIGHT_ARM_TEXTURE>
<RIGHT_ARM_TEXTURE_ASPECT_RATIO>0.5</RIGHT_ARM_TEXTURE_ASPECT_RATIO>
<RIGHT_FOREARM_TEXTURE>right_forearm.png</RIGHT_FOREARM_TEXTURE>
<RIGHT_FOREARM_TEXTURE_ASPECT_RATIO>0.6</RIGHT_FOREARM_TEXTURE_ASPECT_RATIO>
<LEFT_THIGH_TEXTURE>thigh.png</LEFT_THIGH_TEXTURE>
<LEFT_THIGH_TEXTURE_ASPECT_RATIO>0.5</LEFT_THIGH_TEXTURE_ASPECT_RATIO>
<LEFT_LEG_TEXTURE>leg.png</LEFT_LEG_TEXTURE>
<LEFT_LEG_TEXTURE_ASPECT_RATIO>0.6</LEFT_LEG_TEXTURE_ASPECT_RATIO>
<RIGHT_THIGH_TEXTURE>thigh.png</RIGHT_THIGH_TEXTURE>
<RIGHT_THIGH_TEXTURE_ASPECT_RATIO>0.5</RIGHT_THIGH_TEXTURE_ASPECT_RATIO>
<RIGHT_LEG_TEXTURE>leg.png</RIGHT_LEG_TEXTURE>
<RIGHT_LEG_TEXTURE_ASPECT_RATIO>0.6</RIGHT_LEG_TEXTURE_ASPECT_RATIO>
</AVATAR>
